name,role,insight_quote
Quinn Diaz,engineer,The core feature solved my problem better than my current tool.
Jamie Vasquez,coordinator,"I liked the clean layout, though a few buttons were hard to find."
Taylor Singh,consultant,"The experience was positive, and I especially liked the dashboard."
Reese Foster,designer,Setup was quick and I was productive almost immediately.
Jordan Singh,engineer,"I appreciated the simplicity, but I expected more customization options."
Drew Jenkins,intern,"I liked the concept, but I needed better help text in a few places."
Avery Anderson,designer,"The design looked modern, but some labels could be more descriptive."
Quinn Edwards,researcher,"I liked the clean layout, though a few buttons were hard to find."
Skyler Diaz,designer,Setup was quick and I was productive almost immediately.
Cameron Irwin,manager,I would recommend this if notifications were easier to manage.
Avery Irwin,analyst,I would recommend this if notifications were easier to manage.
Blake Anderson,researcher,The product felt fast and reliable during my tasks.
Logan Anderson,specialist,"The onboarding was smooth, but I wanted clearer progress indicators."
Rowan Hayes,coordinator,"The onboarding was smooth, but I wanted clearer progress indicators."
Riley Bennett,manager,Overall it saved me time compared to my usual workflow.
Reese Lopez,manager,Setup was quick and I was productive almost immediately.
Morgan Owens,analyst,Setup was quick and I was productive almost immediately.
Quinn Reed,engineer,"The experience was positive, and I especially liked the dashboard."
Blake Nguyen,analyst,Navigation was intuitive after a few minutes of use.
Sage Turner,developer,"The experience was positive, and I especially liked the dashboard."
Jordan Foster,engineer,Navigation was intuitive after a few minutes of use.
Parker Owens,researcher,Overall it saved me time compared to my usual workflow.
Morgan Foster,engineer,The core feature solved my problem better than my current tool.
Alex Owens,engineer,"The onboarding was smooth, but I wanted clearer progress indicators."
Cameron Anderson,coordinator,"The onboarding was smooth, but I wanted clearer progress indicators."
Sage Foster,consultant,"The onboarding was smooth, but I wanted clearer progress indicators."
Taylor Jenkins,designer,The core feature solved my problem better than my current tool.
Logan Hayes,researcher,The product felt fast and reliable during my tasks.
Quinn Vasquez,intern,The product felt fast and reliable during my tasks.
Morgan Foster,consultant,I would recommend this if notifications were easier to manage.
Cameron Hayes,analyst,"I liked the clean layout, though a few buttons were hard to find."
Skyler Nguyen,engineer,"The onboarding was smooth, but I wanted clearer progress indicators."
Alex Kim,designer,Navigation was intuitive after a few minutes of use.
Taylor Nguyen,intern,"The experience was positive, and I especially liked the dashboard."
Alex Lopez,engineer,Navigation was intuitive after a few minutes of use.
Harper Lopez,specialist,"I appreciated the simplicity, but I expected more customization options."
Morgan Bennett,manager,"The onboarding was smooth, but I wanted clearer progress indicators."
Jordan Bennett,intern,Navigation was intuitive after a few minutes of use.
Parker Anderson,designer,Navigation was intuitive after a few minutes of use.
Reese Singh,analyst,"I liked the concept, but I needed better help text in a few places."
Riley Turner,specialist,"The onboarding was smooth, but I wanted clearer progress indicators."
Drew Patel,researcher,The product felt fast and reliable during my tasks.
Skyler Anderson,designer,"The design looked modern, but some labels could be more descriptive."
Skyler Edwards,consultant,"The onboarding was smooth, but I wanted clearer progress indicators."
Cameron Reed,manager,"I liked the concept, but I needed better help text in a few places."
Alex Patel,specialist,Setup was quick and I was productive almost immediately.
Riley Reed,manager,"I appreciated the simplicity, but I expected more customization options."
Harper Patel,intern,"The design looked modern, but some labels could be more descriptive."
Drew Turner,specialist,"I liked the clean layout, though a few buttons were hard to find."
Jordan Irwin,coordinator,"The onboarding was smooth, but I wanted clearer progress indicators."
Elliot Vasquez,engineer,"I appreciated the simplicity, but I expected more customization options."
Riley Vasquez,designer,I would recommend this if notifications were easier to manage.
Cameron Carter,intern,The core feature solved my problem better than my current tool.
Jamie Hayes,analyst,"I appreciated the simplicity, but I expected more customization options."
Reese Singh,developer,Overall it saved me time compared to my usual workflow.
Morgan Bennett,developer,The product felt fast and reliable during my tasks.
Casey Miller,consultant,Overall it saved me time compared to my usual workflow.
Parker Diaz,coordinator,"The experience was positive, and I especially liked the dashboard."
Logan Diaz,designer,"The design looked modern, but some labels could be more descriptive."
Rowan Bennett,specialist,"The experience was positive, and I especially liked the dashboard."
Jordan Anderson,analyst,"The experience was positive, and I especially liked the dashboard."
Reese Irwin,manager,Navigation was intuitive after a few minutes of use.
Rowan Miller,consultant,The core feature solved my problem better than my current tool.
Cameron Anderson,analyst,Setup was quick and I was productive almost immediately.
Alex Lopez,manager,Setup was quick and I was productive almost immediately.
Alex Kim,consultant,"I liked the concept, but I needed better help text in a few places."
Blake Kim,researcher,I would recommend this if notifications were easier to manage.
Rowan Anderson,researcher,Navigation was intuitive after a few minutes of use.
Avery Reed,developer,"I liked the concept, but I needed better help text in a few places."
Logan Patel,developer,"I liked the concept, but I needed better help text in a few places."
